id,title,description,thumbnail_url,target_grade,created_at,updated_at,category,is_single_video
"412c80fe-62ea-4fe2-be5e-585004acac6e","ENGLISH SPARK FOUNDATION | January 🧚‍♀️💫💗","ENGLISH SPARK FOUNDATION | Preschool🧚‍♀️💫💗","","[""Preschool""]","2026-01-15T08:16:21.16387+00:00","2026-01-24T09:56:31.413087+00:00","recording","false"
"c1f3e21d-9ba8-4390-af74-867f12e4f649","StoryBots Outer Space ","StoryBots Outer Space | Planets, Sun, Moon, Earth and Stars | Solar System Super Song | Fun Learning
","https://youtu.be/Vb2ZXRh74WU","[""Preschool"",""Grade 1"",""Grade 2"",""Grade 3"",""Grade 4"",""Grade 5""]","2026-01-02T19:06:24.393069+00:00","2026-01-11T15:46:49.97228+00:00","yt_video","false"
"71b30e51-3efe-4635-b469-7968aebe195e","Blippi ","Blippi – Visits real places (zoos, farms, factories) and explains concepts clearly","","[""Preschool"",""Grade 1"",""Grade 2"",""Grade 3"",""Grade 4"",""Grade 5""]","2026-01-02T18:59:41.941767+00:00","2026-01-11T15:47:01.011658+00:00","yt_video","false"
"97edc9e4-0d8a-45d9-b351-3827c62a8def","My Magic Pet Morphle"," Friendship and creativity with light problem solving.","","[""Preschool"",""Grade 1"",""Grade 2"",""Grade 3"",""Grade 4"",""Grade 5""]","2026-01-02T18:57:29.798579+00:00","2026-01-11T15:47:10.521257+00:00","yt_video","false"
"baf10138-5be4-49e7-9934-958e41040fee","Numberblocks ","Numberblocks – Numbers and early math through characters and fun stories","","[""Preschool"",""Grade 1"",""Grade 2"",""Grade 3"",""Grade 4"",""Grade 5""]","2026-01-02T18:56:02.148422+00:00","2026-01-11T15:47:21.902763+00:00","yt_video","false"
"ee243efe-beb0-41b3-a967-63f6df668f04","Octonauts – Undersea exploration teaches teamwork, animal facts, and environmental care.","Octonauts – Undersea exploration teaches teamwork, animal facts, and environmental care.","","[""Preschool"",""Grade 1"",""Grade 2"",""Grade 3"",""Grade 4"",""Grade 5""]","2026-01-02T18:53:57.016116+00:00","2026-01-11T15:47:33.457427+00:00","yt_video","true"
"ab3e9439-013f-4fca-93b5-05b1e82262cd","Daniel Tiger’s Neighborhood ","Daniel Tiger’s Neighborhood – Emotional intelligence, social skills, empathy (classic, gentle lessons). Nature, Science & Curiosity","","[""Preschool"",""Grade 1"",""Grade 2"",""Grade 3""]","2026-01-02T18:48:49.653+00:00","2026-01-11T15:47:43.397486+00:00","yt_video","false"
"834bc3a6-e0c2-4914-b67a-164b4ccbed6f","Bluey - S1 E1","Bluey – Teaches creativity, empathy, problem-solving, family play and social skills (great ages 3–8)","https://youtu.be/P1nydF443xM?feature=shared","[""Preschool"",""Grade 1"",""Grade 2"",""Grade 3"",""Grade 4"",""Grade 5""]","2026-01-01T20:31:07.614415+00:00","2026-01-11T15:48:14.123845+00:00","yt_video","false"
"c4f9c03d-295d-4c96-8ef6-ab2ea4a5a9bd","Zootopia 1","Zootopia","","[""Preschool"",""Grade 1"",""Grade 2"",""Grade 3"",""Grade 4"",""Grade 5""]","2026-01-15T04:57:23.511748+00:00","2026-01-15T04:57:23.511748+00:00","movie","true"
"a0c87d58-5748-410f-8e7a-cc53531d29d5","2026 ENGLISH SPARK BUILDERS 🧚‍♂️💫💗","ENGLISH SPARK BUILDERS | Grade 1🧚‍♂️💫💗","","[""Grade 1""]","2026-01-16T04:09:57.512583+00:00","2026-01-16T04:10:58.918953+00:00","recording","false"
"4d6546ff-3877-4a75-bd20-6a061bd594e4","2026 ENGLISH SPARK ACHIEVERS 🧚‍♂️💫","2026 ENGLISH SPARK ACHIEVERS 🧚‍♂️💫","","[""Grade 2""]","2026-01-16T04:14:15.656949+00:00","2026-01-16T04:21:05.036141+00:00","recording","false"