id,user_id,billing_month,amount,slip_url,status,admin_note,created_at,updated_at,grade
"1a97e27d-a401-42a5-b2ab-286ef989114b","15ed2d0e-8a79-4f3a-bde0-bc8d50b370b8","2026-01-01","1000","https://btrhcbfcdjdlnvoskxae.supabase.co/storage/v1/object/public/payment-slips/15ed2d0e-8a79-4f3a-bde0-bc8d50b370b8/1767437599005.pdf","approved","","2026-01-03T10:53:20.448198+00:00","2026-01-24T09:51:21.121508+00:00","Grade 1"
"ea2790be-bbca-4d8a-9a4a-987a053d13dd","c7dc1a50-ccaa-4edb-8c38-6a44bcfa3300","2025-12-01","1000","https://btrhcbfcdjdlnvoskxae.supabase.co/storage/v1/object/public/payment-slips/c7dc1a50-ccaa-4edb-8c38-6a44bcfa3300/1767045726279.jpg","approved","","2025-12-29T22:02:09.849311+00:00","2026-01-24T09:51:27.026454+00:00","Preschool"
"3e72b60d-be36-417b-beea-35f1be2b12e5","68d79a73-0ddd-46da-8fed-1619ff64a0cd","2025-12-01","1000","https://btrhcbfcdjdlnvoskxae.supabase.co/storage/v1/object/public/payment-slips/68d79a73-0ddd-46da-8fed-1619ff64a0cd/1766977317810.jpg","approved","","2025-12-29T03:02:10.851265+00:00","2026-01-24T09:51:30.301233+00:00","Preschool"
"c7ed677a-42e9-4743-945b-10643f6d24b2","f2f5b11d-a53b-454c-9a5c-6ac3522d2bd3","2025-12-01","1000","https://btrhcbfcdjdlnvoskxae.supabase.co/storage/v1/object/public/payment-slips/f2f5b11d-a53b-454c-9a5c-6ac3522d2bd3/1766973605394.jpg","approved","","2025-12-29T02:00:07.551305+00:00","2026-01-24T09:51:33.818204+00:00","Preschool"
"b1079220-4cf9-44eb-9751-8f9941a44368","bc1b107a-1888-445c-a761-63869666b861","2025-12-01","1000","https://btrhcbfcdjdlnvoskxae.supabase.co/storage/v1/object/public/payment-slips/bc1b107a-1888-445c-a761-63869666b861/1766953738567.jpeg","approved","","2025-12-28T20:29:04.713581+00:00","2026-01-24T09:51:40.210333+00:00","Preschool"
"785cf06c-e654-4b8f-81f9-e1e550aea4f1","f0ce12cc-d64e-4ed8-bb1c-b588f09f4978","2025-12-01","1000","https://btrhcbfcdjdlnvoskxae.supabase.co/storage/v1/object/public/payment-slips/f0ce12cc-d64e-4ed8-bb1c-b588f09f4978/1766920369230.pdf","approved","","2025-12-28T11:12:36.174298+00:00","2026-01-24T09:51:44.167792+00:00","Preschool"
"f55af7bc-9c71-4ef7-931a-90b3bf79645d","8ed15264-4142-4627-b6d4-5502397b8cdf","2025-12-01","1000","https://btrhcbfcdjdlnvoskxae.supabase.co/storage/v1/object/public/payment-slips/8ed15264-4142-4627-b6d4-5502397b8cdf/1766914356729.pdf","approved","","2025-12-28T09:32:38.307597+00:00","2026-01-24T09:51:48.502776+00:00","Preschool"
"943d5d0f-9507-4f6d-be63-3c7172be65c3","0159841f-bf74-4ccb-b85f-d58f59f24ea4","2025-12-01","1000","https://btrhcbfcdjdlnvoskxae.supabase.co/storage/v1/object/public/payment-slips/0159841f-bf74-4ccb-b85f-d58f59f24ea4/1766908832308.jpg","approved","","2025-12-28T08:01:34.954406+00:00","2026-01-24T09:51:53.233772+00:00","Preschool"
"33c5f17e-4933-4412-bb4e-93b3e48e7045","748c806f-22a4-4947-be77-e1761173e809","2025-12-01","1000","https://btrhcbfcdjdlnvoskxae.supabase.co/storage/v1/object/public/payment-slips/748c806f-22a4-4947-be77-e1761173e809/1766903060674.jpg","approved","","2025-12-28T06:24:23.573108+00:00","2026-01-24T09:51:56.161264+00:00","Preschool"
"cdfcc671-b5f9-4d01-9d9c-7677b6a8f384","8904b8a5-db21-49c9-9060-8c2832c8bd50","2025-12-01","1000","https://btrhcbfcdjdlnvoskxae.supabase.co/storage/v1/object/public/payment-slips/8904b8a5-db21-49c9-9060-8c2832c8bd50/1766900874706.jpg","approved","","2025-12-28T05:47:59.33774+00:00","2026-01-24T09:51:59.94725+00:00","Preschool"
"2fd581bd-94ab-4f8c-a60f-d483c094fb3a","a6c8e2f9-54f6-4241-bed5-194dbea584a0","2025-12-01","1000","https://btrhcbfcdjdlnvoskxae.supabase.co/storage/v1/object/public/payment-slips/a6c8e2f9-54f6-4241-bed5-194dbea584a0/1766839032560.jpg","approved","","2025-12-27T12:37:31.586565+00:00","2026-01-24T09:52:03.54213+00:00","Preschool"
"d1666dac-34bc-479c-ab1b-95a5066d5d90","a13a171f-4a2d-409c-81ef-00c0426b8160","2025-12-01","1000","https://btrhcbfcdjdlnvoskxae.supabase.co/storage/v1/object/public/payment-slips/a13a171f-4a2d-409c-81ef-00c0426b8160/1766657557801.jpg","approved","","2025-12-25T10:12:39.78283+00:00","2026-01-24T09:52:07.725384+00:00","Preschool"
"fd6a5fdb-4e66-4618-8b00-4bd18345d987","c02897fb-86a0-4e10-8f14-7a8c80e3742e","2026-01-01","1000","https://btrhcbfcdjdlnvoskxae.supabase.co/storage/v1/object/public/payment-slips/c02897fb-86a0-4e10-8f14-7a8c80e3742e/1766541420101.png","approved","","2025-12-24T01:57:03.484211+00:00","2026-01-24T09:52:11.794698+00:00","Preschool"
"1d167ab8-fafe-4cce-b685-c66e142bfdf3","8ffd4f80-cd32-4dbe-90b8-ea1b57047a49","2025-12-01","1000","https://btrhcbfcdjdlnvoskxae.supabase.co/storage/v1/object/public/payment-slips/8ffd4f80-cd32-4dbe-90b8-ea1b57047a49/1766074610965.jpg","approved","","2025-12-18T16:16:55.986313+00:00","2026-01-24T09:52:17.758302+00:00","Preschool"
"b08dc06b-7032-49d6-931e-862dd6d56f71","e1e64aed-f1d3-491b-aad5-d13785de709d","2025-12-01","1000","https://btrhcbfcdjdlnvoskxae.supabase.co/storage/v1/object/public/payment-slips/e1e64aed-f1d3-491b-aad5-d13785de709d/1765878718524.jpg","approved","","2025-12-16T09:52:11.423214+00:00","2026-01-24T09:52:23.355749+00:00","Preschool"
"45bf97dd-e987-44c0-9acd-05d4036f1e3b","66acd3f7-afcd-47fa-933e-77adf2f1955d","2025-12-01","1000","https://btrhcbfcdjdlnvoskxae.supabase.co/storage/v1/object/public/payment-slips/66acd3f7-afcd-47fa-933e-77adf2f1955d/1765861791051.jpg","approved","","2025-12-16T05:10:02.02474+00:00","2026-01-24T09:52:29.46794+00:00","Preschool"
"b602c8aa-a337-469b-af3c-6caa7d2ba18e","b671dece-a138-4612-b32e-b1aad422d68c","2025-12-01","1000","https://btrhcbfcdjdlnvoskxae.supabase.co/storage/v1/object/public/payment-slips/b671dece-a138-4612-b32e-b1aad422d68c/1765471797521.jpeg","approved","","2025-12-11T16:49:59.003665+00:00","2025-12-11T17:05:59.346196+00:00","Grade 1"
"25467603-fa9a-4a34-8142-3aa6ac192227","64f87e72-aefb-44b8-94d9-22444ffc3e44","2025-12-01","1000","https://btrhcbfcdjdlnvoskxae.supabase.co/storage/v1/object/public/payment-slips/64f87e72-aefb-44b8-94d9-22444ffc3e44/1765826840014.jpg","approved","","2025-12-15T19:27:21.46351+00:00","2026-01-24T09:52:33.322268+00:00","Grade 1"
"b141a585-d7df-42e9-ba33-772ece5df055","d7c13a87-0645-4411-8287-ef68af42d84c","2025-12-01","1000","https://btrhcbfcdjdlnvoskxae.supabase.co/storage/v1/object/public/payment-slips/d7c13a87-0645-4411-8287-ef68af42d84c/1765746592829.jpg","approved","","2025-12-14T21:09:54.703311+00:00","2026-01-24T09:52:37.207723+00:00","Grade 1"
"15eee705-39b6-483d-9cb0-c3949fdd95d8","99f0e172-27e7-4e7b-b251-268a8ebc3789","2025-12-01","1000","https://btrhcbfcdjdlnvoskxae.supabase.co/storage/v1/object/public/payment-slips/99f0e172-27e7-4e7b-b251-268a8ebc3789/1765733295020.pdf","approved","","2025-12-14T17:28:16.150179+00:00","2026-01-24T09:52:40.717545+00:00","Grade 1"
"4a6b75a6-fc11-4973-ae8e-77a4c550d0e7","a7a3d383-c569-4c0c-a6a0-6e2d206af6f0","2025-12-01","1000","https://btrhcbfcdjdlnvoskxae.supabase.co/storage/v1/object/public/payment-slips/a7a3d383-c569-4c0c-a6a0-6e2d206af6f0/1765677714786.jpg","approved","","2025-12-14T02:01:53.769426+00:00","2026-01-24T09:52:44.991138+00:00","Preschool"
"308b590c-6bd0-46c2-a2a8-d22ffe57a900","61802da6-2a39-4fb6-a590-b66df4cf984e","2026-01-01","1000","https://btrhcbfcdjdlnvoskxae.supabase.co/storage/v1/object/public/payment-slips/61802da6-2a39-4fb6-a590-b66df4cf984e/1765625011862.pdf","approved","","2025-12-13T11:23:34.644739+00:00","2026-01-24T09:52:49.656492+00:00","Preschool"
"0a846651-ca38-4d6d-b5ee-8671e967429e","8bbb316c-ec57-4551-aaec-00302853d8f2","2025-12-01","1000","https://btrhcbfcdjdlnvoskxae.supabase.co/storage/v1/object/public/payment-slips/8bbb316c-ec57-4551-aaec-00302853d8f2/1765617876245.jpg","approved","","2025-12-13T09:24:38.108943+00:00","2026-01-24T09:52:58.223876+00:00","Preschool"
"5284e709-5e7b-41d2-a4bf-6ec607cb6d9a","40de622d-fbd4-428c-a681-96ce17908226","2025-12-01","1000","https://btrhcbfcdjdlnvoskxae.supabase.co/storage/v1/object/public/payment-slips/40de622d-fbd4-428c-a681-96ce17908226/1765613447810.jpg","approved","","2025-12-13T08:10:52.419038+00:00","2026-01-24T09:53:07.25197+00:00","Preschool"
"31c31e64-b58b-4f57-a328-e3660081ef20","f9039aa1-6d2e-4ba0-8b1e-381f21d1e8e3","2025-12-01","1000","https://btrhcbfcdjdlnvoskxae.supabase.co/storage/v1/object/public/payment-slips/f9039aa1-6d2e-4ba0-8b1e-381f21d1e8e3/1765613322622.jpg","approved","","2025-12-13T08:08:44.538973+00:00","2026-01-24T09:53:11.754256+00:00","Preschool"
"abc2622c-2361-4552-8913-0e55baeca3c0","f9039aa1-6d2e-4ba0-8b1e-381f21d1e8e3","2025-12-01","1000","https://btrhcbfcdjdlnvoskxae.supabase.co/storage/v1/object/public/payment-slips/f9039aa1-6d2e-4ba0-8b1e-381f21d1e8e3/1765613134177.jpg","approved","","2025-12-13T08:05:46.00905+00:00","2026-01-24T09:53:16.063118+00:00","Grade 1"
"3a8bb099-32f6-4c65-84e4-9b57911b22b1","14a9944b-cf01-481e-afee-c4e5afcacdee","2025-12-01","1000","https://btrhcbfcdjdlnvoskxae.supabase.co/storage/v1/object/public/payment-slips/14a9944b-cf01-481e-afee-c4e5afcacdee/1765596579095.jpeg","approved","","2025-12-13T03:29:40.383808+00:00","2026-01-24T09:53:19.741953+00:00","Grade 1"
"50d1f3dd-6e76-41b7-bb53-b0b345cce3f3","5db5e07f-d5b8-4c6b-bf3c-14cd977e19aa","2025-12-01","1000","https://btrhcbfcdjdlnvoskxae.supabase.co/storage/v1/object/public/payment-slips/5db5e07f-d5b8-4c6b-bf3c-14cd977e19aa/1765543090840.jpg","approved","","2025-12-12T12:38:15.91401+00:00","2026-01-24T09:53:23.309552+00:00","Grade 1"
"dccce8fb-a06a-44a1-9eb9-0981505bc609","d2bb958e-b5a6-4340-8b30-d8ffbd4a7ac6","2026-01-01","1000","pending_whatsapp_verification","pending","","2026-01-26T08:05:47.689814+00:00","2026-01-26T08:05:47.689814+00:00","Grade 1"
"d2a20987-a7f8-4760-adf0-f0ab1f53bb6e","c4a1e10d-af92-4393-82f4-4b3a5f609d5a","2025-12-01","1000","https://btrhcbfcdjdlnvoskxae.supabase.co/storage/v1/object/public/payment-slips/c4a1e10d-af92-4393-82f4-4b3a5f609d5a/1765453207320.png","approved","","2025-12-11T11:40:07.342313+00:00","2025-12-11T11:40:47.070426+00:00","Preschool"
"1ae68160-cf7b-4268-a62a-3fe12f5d68e1","5e04a50e-c080-4ad8-a0ce-d9952fc2d493","2026-01-01","1000","pending_whatsapp_verification","pending","","2026-01-27T18:49:33.108385+00:00","2026-01-27T18:49:33.108385+00:00","Preschool"
"00b49474-cd8e-4c4d-8002-09579a2ad42a","253aa126-0ac1-4b95-9b04-ff59b4e4d304","2025-12-01","1000","https://btrhcbfcdjdlnvoskxae.supabase.co/storage/v1/object/public/payment-slips/253aa126-0ac1-4b95-9b04-ff59b4e4d304/1765536159310.jpeg","approved","","2025-12-12T10:42:40.788857+00:00","2026-01-24T09:32:41.523173+00:00","Grade 1"
"3200c011-5476-41d1-bd01-b9d9d56f8347","c4a1e10d-af92-4393-82f4-4b3a5f609d5a","2026-01-01","1000","https://btrhcbfcdjdlnvoskxae.supabase.co/storage/v1/object/public/payment-slips/c4a1e10d-af92-4393-82f4-4b3a5f609d5a/1769249013367.png","approved","","2026-01-24T10:03:35.941053+00:00","2026-01-24T10:03:53.869012+00:00","Preschool"
"b01219cb-fe0b-44b7-8941-441e6ecf18e8","6a1236b0-0733-4091-a858-8bbc3ac3ed28","2026-02-01","1000","pending_whatsapp_verification","pending","","2026-01-27T07:01:48.300633+00:00","2026-01-27T07:01:48.300633+00:00","Preschool"
"43f79b3a-0cd3-4514-b64d-a66df33b2986","a7fe1cc9-8897-4b6c-917b-58c5d5a19764","2026-01-01","1000","https://btrhcbfcdjdlnvoskxae.supabase.co/storage/v1/object/public/payment-slips/a7fe1cc9-8897-4b6c-917b-58c5d5a19764/1769250922329.jpg","approved","","2026-01-24T10:35:55.092873+00:00","2026-01-24T16:22:03.345577+00:00","Preschool"
"63f46321-eed3-4b8c-9e9a-ba193c1c5991","0cd93571-f1c9-46ec-a7bc-87931cab9095","2026-01-01","1000","https://btrhcbfcdjdlnvoskxae.supabase.co/storage/v1/object/public/payment-slips/0cd93571-f1c9-46ec-a7bc-87931cab9095/1769249690061.png","approved","","2026-01-24T10:14:55.867207+00:00","2026-01-24T16:22:05.560445+00:00","Preschool"
"ce75a9d6-1913-41a9-99b4-84d5ee5e5557","da6e5667-6e1e-47d4-a19a-e09e16ffde76","2026-01-01","1000","https://btrhcbfcdjdlnvoskxae.supabase.co/storage/v1/object/public/payment-slips/da6e5667-6e1e-47d4-a19a-e09e16ffde76/1768761027631.jpeg","approved","","2026-01-18T18:30:29.375681+00:00","2026-01-22T05:22:40.251708+00:00","Preschool"
"6371f21f-c0aa-4da2-8667-32a72346c27f","cfd23fbc-5eb7-48bb-9175-bdfa402ddd0e","2026-01-01","1000","https://btrhcbfcdjdlnvoskxae.supabase.co/storage/v1/object/public/payment-slips/cfd23fbc-5eb7-48bb-9175-bdfa402ddd0e/1768705659622.pdf","approved","","2026-01-18T03:07:39.113275+00:00","2026-01-22T05:23:15.953902+00:00","Preschool"
"4da059df-88b0-4748-87a8-b505a4d408d4","b2322311-d8cf-4632-8e25-3d7bca021984","2026-01-01","1000","https://btrhcbfcdjdlnvoskxae.supabase.co/storage/v1/object/public/payment-slips/b2322311-d8cf-4632-8e25-3d7bca021984/1768635098860.jpg","approved","","2026-01-17T07:31:48.232567+00:00","2026-01-22T05:23:55.086165+00:00","Preschool"
"e3c46c72-ebfe-4b2d-a930-c17d3d08ad55","6a1236b0-0733-4091-a858-8bbc3ac3ed28","2026-01-01","1000","https://btrhcbfcdjdlnvoskxae.supabase.co/storage/v1/object/public/payment-slips/6a1236b0-0733-4091-a858-8bbc3ac3ed28/1768602928083.jpeg","approved","","2026-01-16T22:35:30.334905+00:00","2026-01-22T05:24:17.967195+00:00","Preschool"
"cf3fcdbf-6d43-40d1-ab79-d6ce3d516ad9","f524f2c7-ce21-44b7-afd7-13606a3e960d","2026-01-01","1000","https://btrhcbfcdjdlnvoskxae.supabase.co/storage/v1/object/public/payment-slips/f524f2c7-ce21-44b7-afd7-13606a3e960d/1768830701791.jpeg","approved","","2026-01-19T13:51:38.936139+00:00","2026-01-24T07:20:47.23602+00:00","Preschool"
"b26356ab-9c14-4570-a3e7-65ffffc45399","1be430b7-f1b7-4ca4-a517-3a1360b6b727","2025-12-01","1000","https://btrhcbfcdjdlnvoskxae.supabase.co/storage/v1/object/public/payment-slips/1be430b7-f1b7-4ca4-a517-3a1360b6b727/1765474097426.jpeg","approved","","2025-12-11T17:28:19.12904+00:00","2026-01-24T09:32:34.85389+00:00","Preschool"
"282ab138-84da-4609-9d8a-5f8cd29d1541","028bf910-fa0b-4bd3-9316-bcc63677d938","2026-01-01","1000","https://btrhcbfcdjdlnvoskxae.supabase.co/storage/v1/object/public/payment-slips/028bf910-fa0b-4bd3-9316-bcc63677d938/1769247138483.jpg","approved","","2026-01-24T09:32:20.819129+00:00","2026-01-24T09:33:05.92838+00:00","Preschool"
"e9e2fbb2-35dc-466c-8845-6a7d9d7ab106","6b11a443-30ba-4061-8589-4aca1aabdb1e","2026-01-01","1000","https://btrhcbfcdjdlnvoskxae.supabase.co/storage/v1/object/public/payment-slips/6b11a443-30ba-4061-8589-4aca1aabdb1e/1769244223324.pdf","approved","","2026-01-24T08:43:45.275904+00:00","2026-01-24T09:35:23.585086+00:00","Preschool"
"5d0c7f9c-176d-4170-8cfc-e3080c87e97d","42690715-1335-4051-be68-15ba0d5b6679","2026-01-01","1000","https://btrhcbfcdjdlnvoskxae.supabase.co/storage/v1/object/public/payment-slips/42690715-1335-4051-be68-15ba0d5b6679/1768798225885.pdf","approved","","2026-01-19T04:50:28.346004+00:00","2026-01-24T09:49:42.878607+00:00","Grade 1"
"06cc6b57-7b8e-4b69-95ea-d5599ffe7ed0","1833ed1f-1220-4360-b969-d559bcf60190","2026-01-01","1000","https://btrhcbfcdjdlnvoskxae.supabase.co/storage/v1/object/public/payment-slips/1833ed1f-1220-4360-b969-d559bcf60190/1768643349161.jpeg","approved","","2026-01-17T09:49:11.316986+00:00","2026-01-24T09:49:49.07527+00:00","Grade 1"
"77ed8505-885d-4adf-81f4-6e4d09ab812b","e553f43f-c9ed-4693-9984-ea3340cf4373","2026-01-01","1000","https://btrhcbfcdjdlnvoskxae.supabase.co/storage/v1/object/public/payment-slips/e553f43f-c9ed-4693-9984-ea3340cf4373/1768642709355.jpg","approved","","2026-01-17T09:38:31.946956+00:00","2026-01-24T09:49:53.489913+00:00","Grade 1"
"c8e05ae6-a950-4f64-a4d3-626308a91744","91804790-e55d-41f0-9730-a78f2e7c2f2a","2026-01-01","1000","https://btrhcbfcdjdlnvoskxae.supabase.co/storage/v1/object/public/payment-slips/91804790-e55d-41f0-9730-a78f2e7c2f2a/1768640496953.pdf","approved","","2026-01-17T09:02:10.667971+00:00","2026-01-24T09:49:56.839459+00:00","Grade 1"
"8c07c799-ff15-4ba5-b975-c426d2d65702","c197a5fe-d7fd-4d88-9b50-94a2e041bba0","2026-01-01","1000","https://btrhcbfcdjdlnvoskxae.supabase.co/storage/v1/object/public/payment-slips/c197a5fe-d7fd-4d88-9b50-94a2e041bba0/1768629883755.jpg","approved","","2026-01-17T06:04:52.344562+00:00","2026-01-24T09:50:01.803674+00:00","Grade 2"
"6aa250fa-1060-4fa5-98e5-df9040b9afbd","c8857be8-21e2-47f2-b477-33891e9ab692","2026-01-01","1000","https://btrhcbfcdjdlnvoskxae.supabase.co/storage/v1/object/public/payment-slips/c8857be8-21e2-47f2-b477-33891e9ab692/1768545617662.jpg","approved","","2026-01-16T06:40:19.463903+00:00","2026-01-24T09:50:06.255769+00:00","Grade 1"
"fe3d3a01-7ad4-43b7-aabf-f37775ec0009","f5232bea-d2e0-46d1-a9d4-70216afc706c","2026-01-01","1000","https://btrhcbfcdjdlnvoskxae.supabase.co/storage/v1/object/public/payment-slips/f5232bea-d2e0-46d1-a9d4-70216afc706c/1768540684852.png","approved","","2026-01-16T05:18:07.292328+00:00","2026-01-24T09:50:10.298733+00:00","Grade 1"
"36ad2666-f89d-4900-afba-41f0c1c8a5a5","b671dece-a138-4612-b32e-b1aad422d68c","2026-01-01","1000","https://btrhcbfcdjdlnvoskxae.supabase.co/storage/v1/object/public/payment-slips/b671dece-a138-4612-b32e-b1aad422d68c/1768533197382.jpeg","approved","","2026-01-16T03:13:18.62105+00:00","2026-01-24T09:50:14.412205+00:00","Grade 1"
"05f6a9e3-89ea-48f1-8c8f-c50e15d5fae1","ab69d95f-eb8c-4a5d-a8b9-dc843b24582f","2026-01-01","1000","https://btrhcbfcdjdlnvoskxae.supabase.co/storage/v1/object/public/payment-slips/ab69d95f-eb8c-4a5d-a8b9-dc843b24582f/1768462947849.jpg","approved","","2026-01-15T07:42:31.013528+00:00","2026-01-24T09:50:18.282765+00:00","Grade 1"
"a7370f5d-7699-4f65-91c7-079ee4c096ec","6d27e941-1a43-4451-b2ce-5124eae026fe","2026-01-01","1000","https://btrhcbfcdjdlnvoskxae.supabase.co/storage/v1/object/public/payment-slips/6d27e941-1a43-4451-b2ce-5124eae026fe/1768453346845.pdf","approved","","2026-01-15T05:01:45.762174+00:00","2026-01-24T09:50:23.466127+00:00","Grade 1"
"61d39927-f87c-4f5c-ad88-69b7e3b7009b","14a9944b-cf01-481e-afee-c4e5afcacdee","2026-01-01","1000","https://btrhcbfcdjdlnvoskxae.supabase.co/storage/v1/object/public/payment-slips/14a9944b-cf01-481e-afee-c4e5afcacdee/1768453066688.jpeg","approved","","2026-01-15T04:57:48.837684+00:00","2026-01-24T09:50:27.45049+00:00","Grade 1"
"a4f0a53d-088f-473f-b197-7b85390dfb66","f1201ad8-432f-4ab3-b736-3ac465e7b427","2026-01-01","1000","https://btrhcbfcdjdlnvoskxae.supabase.co/storage/v1/object/public/payment-slips/f1201ad8-432f-4ab3-b736-3ac465e7b427/1768447544626.jpeg","approved","","2026-01-15T03:25:49.794581+00:00","2026-01-24T09:50:32.623579+00:00","Preschool"
"527e164d-9282-42f7-8c94-10fe52eb5b05","db2e98fa-b28c-400d-b066-3e3adee43c31","2026-01-01","1000","https://btrhcbfcdjdlnvoskxae.supabase.co/storage/v1/object/public/payment-slips/db2e98fa-b28c-400d-b066-3e3adee43c31/1768401603041.jpg","approved","","2026-01-14T14:40:04.411055+00:00","2026-01-24T09:50:37.170585+00:00","Grade 1"
"6bdc1105-5a0d-48ee-b2bc-7ddb9ad015d5","1987bf8d-4113-4064-a697-a74652b3b1a3","2026-01-01","1000","https://btrhcbfcdjdlnvoskxae.supabase.co/storage/v1/object/public/payment-slips/1987bf8d-4113-4064-a697-a74652b3b1a3/1768390572908.pdf","approved","","2026-01-14T11:36:14.384733+00:00","2026-01-24T09:50:42.455775+00:00","Preschool"
"a9ad8e1a-a5e6-42a7-9b03-3189ae5b6a9d","ddb91f8b-cceb-4027-8a56-3e4305c77960","2026-01-01","1000","https://btrhcbfcdjdlnvoskxae.supabase.co/storage/v1/object/public/payment-slips/ddb91f8b-cceb-4027-8a56-3e4305c77960/1768214514912.jpg","approved","","2026-01-12T10:42:07.18271+00:00","2026-01-24T09:50:46.108173+00:00","Preschool"
"f06d269e-31d2-4506-98e5-ffc803262e4a","f1201ad8-432f-4ab3-b736-3ac465e7b427","2026-01-01","1000","https://btrhcbfcdjdlnvoskxae.supabase.co/storage/v1/object/public/payment-slips/f1201ad8-432f-4ab3-b736-3ac465e7b427/1768033373800.jpeg","approved","","2026-01-10T08:23:11.83815+00:00","2026-01-24T09:50:49.882545+00:00","Grade 2"
"d04a07ce-db72-4f7b-ae4d-96982b17c0c4","f1201ad8-432f-4ab3-b736-3ac465e7b427","2026-01-01","1000","https://btrhcbfcdjdlnvoskxae.supabase.co/storage/v1/object/public/payment-slips/f1201ad8-432f-4ab3-b736-3ac465e7b427/1768031294768.jpeg","approved","","2026-01-10T07:48:31.262749+00:00","2026-01-24T09:50:53.709516+00:00","Grade 1"
"16d32ce3-d423-4c10-afdd-09b2bcd285a3","32057d76-088a-4aed-ad8a-01389ea834f0","2026-01-01","1000","https://btrhcbfcdjdlnvoskxae.supabase.co/storage/v1/object/public/payment-slips/32057d76-088a-4aed-ad8a-01389ea834f0/1768025782588.jpg","approved","","2026-01-10T06:16:25.64178+00:00","2026-01-24T09:50:59.743224+00:00","Grade 2"
"5f64f327-f9ed-433b-b91c-d5301c094b90","32057d76-088a-4aed-ad8a-01389ea834f0","2026-01-01","1000","https://btrhcbfcdjdlnvoskxae.supabase.co/storage/v1/object/public/payment-slips/32057d76-088a-4aed-ad8a-01389ea834f0/1767943633869.jpg","approved","","2026-01-09T07:27:15.881869+00:00","2026-01-24T09:51:05.355744+00:00","Grade 1"
"0cd52830-d188-4cf0-9234-0bbcab107a07","15ed2d0e-8a79-4f3a-bde0-bc8d50b370b8","2026-01-01","1000","https://btrhcbfcdjdlnvoskxae.supabase.co/storage/v1/object/public/payment-slips/15ed2d0e-8a79-4f3a-bde0-bc8d50b370b8/1767437759669.pdf","approved","","2026-01-03T10:56:01.084613+00:00","2026-01-24T09:51:10.737065+00:00","Preschool"
"bce501a9-92f9-4db6-a4cb-7f0bcdf3ec76","f40e855e-b336-48cc-ac35-9924b91ff383","2026-01-01","1000","pending_whatsapp_verification","rejected","","2026-01-27T18:18:58.808361+00:00","2026-01-27T18:20:09.766422+00:00","Preschool"
"1981acf3-adbf-4644-8102-ce9d2bb1ab94","41f586bb-f2d1-46ee-8224-ca95b03728a6","2026-01-01","1000","https://btrhcbfcdjdlnvoskxae.supabase.co/storage/v1/object/public/payment-slips/41f586bb-f2d1-46ee-8224-ca95b03728a6/1769265919668.pdf","approved","","2026-01-24T14:45:22.008885+00:00","2026-01-24T16:21:18.10204+00:00","Preschool"
"777cf4b5-4766-4bb2-9e61-2f7e23265354","a6c8e2f9-54f6-4241-bed5-194dbea584a0","2026-01-01","1000","https://btrhcbfcdjdlnvoskxae.supabase.co/storage/v1/object/public/payment-slips/a6c8e2f9-54f6-4241-bed5-194dbea584a0/1769265286973.jpg","approved","","2026-01-24T14:34:56.284153+00:00","2026-01-24T16:21:24.506481+00:00","Preschool"
"3c296f39-993e-4c2a-8055-ce1a32bf53f1","9d795c67-e0dc-41ab-83d4-f7d456eae3de","2026-01-01","1000","https://btrhcbfcdjdlnvoskxae.supabase.co/storage/v1/object/public/payment-slips/9d795c67-e0dc-41ab-83d4-f7d456eae3de/1769265128288.jpeg","approved","","2026-01-24T14:32:45.428404+00:00","2026-01-24T16:21:26.390401+00:00","Preschool"
"7ba489bd-bc62-4e61-881f-2fac000bf825","4b3078ac-11c2-4edd-ac62-09eddb1b25d5","2026-01-01","1000","https://btrhcbfcdjdlnvoskxae.supabase.co/storage/v1/object/public/payment-slips/4b3078ac-11c2-4edd-ac62-09eddb1b25d5/1769264968707.jpg","approved","","2026-01-24T14:29:43.82816+00:00","2026-01-24T16:21:28.64373+00:00","Preschool"
"96f0ec47-eaf9-4a72-9c93-4fb01102be36","5b855d4c-9183-433d-954c-f783bcd7ab95","2026-01-01","1000","https://btrhcbfcdjdlnvoskxae.supabase.co/storage/v1/object/public/payment-slips/5b855d4c-9183-433d-954c-f783bcd7ab95/1769264401219.jpg","approved","","2026-01-24T14:20:03.47096+00:00","2026-01-24T16:21:30.780629+00:00","Preschool"
"2f0eca32-63e5-433c-9b7a-8a64ac5942ca","7718c32b-148e-4422-a5cf-e223ad1138b8","2026-01-01","1000","https://btrhcbfcdjdlnvoskxae.supabase.co/storage/v1/object/public/payment-slips/7718c32b-148e-4422-a5cf-e223ad1138b8/1769263380795.pdf","approved","","2026-01-24T14:03:02.484088+00:00","2026-01-24T16:21:33.562653+00:00","Preschool"
"a100a193-06da-4e3a-99e7-4a05c4b64bba","8bbe0a71-7b76-4a9f-9cc2-b75b16d50754","2026-01-01","1000","https://btrhcbfcdjdlnvoskxae.supabase.co/storage/v1/object/public/payment-slips/8bbe0a71-7b76-4a9f-9cc2-b75b16d50754/1769263256039.jpg","approved","","2026-01-24T14:01:00.12801+00:00","2026-01-24T16:21:35.491729+00:00","Preschool"
"63898cb8-f793-4ff3-b3e9-0d712c3db113","53fe03f4-a0d9-4385-9ef3-69f40f526070","2026-01-01","1000","https://btrhcbfcdjdlnvoskxae.supabase.co/storage/v1/object/public/payment-slips/53fe03f4-a0d9-4385-9ef3-69f40f526070/1769262347886.pdf","approved","","2026-01-24T13:45:51.785054+00:00","2026-01-24T16:21:37.499786+00:00","Preschool"
"2d93435c-9366-45cd-a10f-07267999c5b0","7c5e21db-0597-4d15-87b4-4bc8e6c7cb76","2026-01-01","1000","https://btrhcbfcdjdlnvoskxae.supabase.co/storage/v1/object/public/payment-slips/7c5e21db-0597-4d15-87b4-4bc8e6c7cb76/1769261406607.jpg","approved","","2026-01-24T13:30:05.077999+00:00","2026-01-24T16:21:39.551726+00:00","Preschool"
"fc155551-eb5e-4a29-86be-772e5f830d8a","ba57071b-c0d6-4e82-955e-12b5c4c0627e","2026-01-01","1000","https://btrhcbfcdjdlnvoskxae.supabase.co/storage/v1/object/public/payment-slips/ba57071b-c0d6-4e82-955e-12b5c4c0627e/1769257970718.pdf","approved","","2026-01-24T12:32:54.58912+00:00","2026-01-24T16:21:43.258294+00:00","Preschool"
"81e10053-e622-4362-b652-25ef8f738f80","c888e69e-e5bb-4027-977c-60a6ab34edb9","2026-01-01","1000","https://btrhcbfcdjdlnvoskxae.supabase.co/storage/v1/object/public/payment-slips/c888e69e-e5bb-4027-977c-60a6ab34edb9/1769257747358.jpeg","approved","","2026-01-24T12:29:09.133651+00:00","2026-01-24T16:21:45.347422+00:00","Preschool"
"a669a2fc-269b-42fa-a7d7-0024003d0964","69c27160-e7c9-481c-bf74-46a6841f6311","2026-01-01","1000","https://btrhcbfcdjdlnvoskxae.supabase.co/storage/v1/object/public/payment-slips/69c27160-e7c9-481c-bf74-46a6841f6311/1769257656277.pdf","approved","","2026-01-24T12:27:40.104918+00:00","2026-01-24T16:21:47.650437+00:00","Preschool"
"c3b40704-8380-49ba-b0bc-a60e5868fda2","83c3c9af-bcac-40e2-8410-bd576c671afa","2026-01-01","1000","https://btrhcbfcdjdlnvoskxae.supabase.co/storage/v1/object/public/payment-slips/83c3c9af-bcac-40e2-8410-bd576c671afa/1769255183273.jpg","approved","","2026-01-24T11:46:27.179521+00:00","2026-01-24T16:21:49.363663+00:00","Preschool"
"7bda4547-6737-4279-9dd4-28183e172e50","efbe2bb9-e98e-42e5-8d27-d56e81a19080","2026-01-01","1000","https://btrhcbfcdjdlnvoskxae.supabase.co/storage/v1/object/public/payment-slips/efbe2bb9-e98e-42e5-8d27-d56e81a19080/1769254982924.jpg","approved","","2026-01-24T11:43:05.435383+00:00","2026-01-24T16:21:51.564841+00:00","Preschool"
"0992349d-1c17-44eb-892f-10c3a3644536","c58c8c83-47c3-4a45-a5ce-fa7e31930f99","2026-01-01","1000","https://btrhcbfcdjdlnvoskxae.supabase.co/storage/v1/object/public/payment-slips/c58c8c83-47c3-4a45-a5ce-fa7e31930f99/1769254826237.jpg","approved","","2026-01-24T11:40:29.882203+00:00","2026-01-24T16:21:53.840681+00:00","Grade 1"
"e57f6b2a-6329-48f6-951b-7b97d11ebe66","d310e7a1-1909-40cf-94a0-d5599d62d655","2026-01-01","1000","https://btrhcbfcdjdlnvoskxae.supabase.co/storage/v1/object/public/payment-slips/d310e7a1-1909-40cf-94a0-d5599d62d655/1769254787317.pdf","approved","","2026-01-24T11:39:48.908579+00:00","2026-01-24T16:21:56.357543+00:00","Preschool"
"af5a3d4b-4db3-4142-9a3d-c922641b652e","a397a32a-110e-4ca3-9304-92b3fb77a93e","2026-01-01","1000","https://btrhcbfcdjdlnvoskxae.supabase.co/storage/v1/object/public/payment-slips/a397a32a-110e-4ca3-9304-92b3fb77a93e/1769252779321.jpg","approved","","2026-01-24T11:06:32.60636+00:00","2026-01-24T16:21:58.343831+00:00","Preschool"
"87abb50f-3aec-4b76-b20b-8ee9d51e2c6f","d662f0dc-132e-4a35-b262-c95235562f6d","2026-01-01","1000","pending_whatsapp_verification","approved","","2026-01-24T16:20:49.019884+00:00","2026-01-24T16:21:11.964531+00:00","Preschool"
"738f246c-ece4-4c92-bb52-ea56411442fc","8904b8a5-db21-49c9-9060-8c2832c8bd50","2026-01-01","1000","https://btrhcbfcdjdlnvoskxae.supabase.co/storage/v1/object/public/payment-slips/8904b8a5-db21-49c9-9060-8c2832c8bd50/1769251884864.jpg","approved","","2026-01-24T10:51:38.204798+00:00","2026-01-24T16:22:01.129166+00:00","Preschool"
"fc72b632-bfdd-4fd7-9ad2-933eeb4fd74d","61a236ae-edbf-4831-9bac-43ebb444db2c","2026-01-01","1000","https://btrhcbfcdjdlnvoskxae.supabase.co/storage/v1/object/public/payment-slips/61a236ae-edbf-4831-9bac-43ebb444db2c/1769249592328.jpg","approved","","2026-01-24T10:13:15.111309+00:00","2026-01-24T16:22:07.760037+00:00","Preschool"
"de74ec8f-c7e6-4c6e-b60a-d3a615fd0e55","42b95763-33c8-4188-919b-c41c8d49638c","2026-01-01","1000","pending_whatsapp_verification","approved","","2026-01-25T15:34:11.973255+00:00","2026-01-25T17:01:08.743774+00:00","Preschool"
"325ce115-cafa-47cb-8c7a-ea75ca81f0bc","39f9ebe7-3cd8-462c-bc05-ae0715835c23","2026-01-01","1000","pending_whatsapp_verification","approved","","2026-01-25T13:22:22.57756+00:00","2026-01-25T17:01:10.47238+00:00","Preschool"
"4eb46b91-8d3d-4b11-98ff-051f805d07db","215d58d6-1706-494c-8fa9-21d9ebcd3a85","2026-01-01","1000","pending_whatsapp_verification","approved","","2026-01-25T12:58:12.263483+00:00","2026-01-25T17:01:12.090487+00:00","Preschool"
"1d3c4ab9-b26b-4cca-a75b-3908b051807a","d080b1ae-7dd2-4ad1-98e8-f74eefa0810f","2026-01-01","1000","pending_whatsapp_verification","approved","","2026-01-25T12:48:52.797579+00:00","2026-01-25T17:01:13.534722+00:00","Preschool"
"337897c8-21f9-483d-9984-e24c6249f7cd","59b773a1-242d-49cd-aaa9-27fc073a12c4","2026-01-01","1000","pending_whatsapp_verification","approved","","2026-01-25T12:36:02.981924+00:00","2026-01-25T17:01:14.932378+00:00","Preschool"
"a06cf305-77d2-47a2-b31d-d31d8f3994c2","3210d9a1-e988-4341-941e-df2aa94add2a","2026-01-01","1000","pending_whatsapp_verification","approved","","2026-01-25T11:37:22.786427+00:00","2026-01-25T17:01:16.460963+00:00","Preschool"
"dc6a61a8-9113-4b85-b41b-07a5da60830f","41fbc5eb-f56d-4af9-8714-dc1dde4977a2","2026-01-01","1000","pending_whatsapp_verification","approved","","2026-01-25T10:37:47.725445+00:00","2026-01-25T17:01:17.979066+00:00","Preschool"
"f8ff916d-f60b-42ea-82fd-d1c81040702f","26681a2f-6dd7-45a3-b514-c96036c3a24f","2026-01-01","1000","pending_whatsapp_verification","approved","","2026-01-25T10:30:47.237043+00:00","2026-01-25T17:01:19.353553+00:00","Preschool"
"47b16dc5-eeec-4f98-b7a2-9709b03d4deb","073c9de7-d0ef-4271-8564-894c1b0b4254","2026-01-01","1000","pending_whatsapp_verification","approved","","2026-01-25T09:16:14.870716+00:00","2026-01-25T17:01:20.805903+00:00","Preschool"
"83c4863f-d9d7-4c86-998e-4cf146b8e3e2","4f1fc80d-a581-4456-9224-ab2d343075d4","2026-01-01","1000","pending_whatsapp_verification","approved","","2026-01-25T09:15:28.049489+00:00","2026-01-25T17:01:22.364147+00:00","Preschool"
"12e5f28c-d514-4df1-9311-6c9a98adb988","bebb0b95-83df-41d2-8dfe-9aa7bb2ebe7a","2026-01-01","1000","pending_whatsapp_verification","approved","","2026-01-25T08:39:44.29176+00:00","2026-01-25T17:01:23.82629+00:00","Preschool"
"471a00a5-ae0a-429b-8cf9-cfdbe35d76e4","eb08db81-ffa0-410c-b112-38c5c171ade9","2026-01-01","1000","pending_whatsapp_verification","approved","","2026-01-25T08:20:25.535217+00:00","2026-01-25T17:01:25.303656+00:00","Preschool"
"edd40865-45da-4748-a377-5eb0a7e3ad2f","1b9e84e3-13b4-4a51-ac13-af8c712512bc","2026-01-01","1000","pending_whatsapp_verification","approved","","2026-01-25T08:04:21.232268+00:00","2026-01-25T17:01:26.801166+00:00","Preschool"
"20e82f55-2c0d-422e-bfa3-95c1f7279be3","33906148-8797-4b3a-b752-699872e431f3","2026-01-01","1000","pending_whatsapp_verification","approved","","2026-01-25T07:11:12.462086+00:00","2026-01-25T17:01:28.303007+00:00","Preschool"
"335ab131-16c5-4d41-a4ad-1d9a51c69d69","fff93fed-16b2-446e-bdf4-27b41fd0b93f","2026-01-01","1000","pending_whatsapp_verification","approved","","2026-01-25T06:54:23.671749+00:00","2026-01-25T17:01:30.043377+00:00","Preschool"
"3ce019df-b000-48c5-bb15-5fcb15224bd7","450ece15-417b-4a07-a8db-4046f40fcdbf","2026-01-01","1000","pending_whatsapp_verification","approved","","2026-01-25T06:48:32.595634+00:00","2026-01-25T17:01:31.538178+00:00","Preschool"
"31326907-429e-45b8-9471-4ba911077e61","bd699d54-8dd1-40fd-8273-9681a46a6e21","2026-01-01","1000","pending_whatsapp_verification","approved","","2026-01-25T06:40:56.282075+00:00","2026-01-25T17:01:33.133297+00:00","Preschool"
"0c702fe7-7a1b-440a-8c2a-515748ce9bdf","42be59d1-a7d9-4219-ad5b-af0014990b18","2026-01-01","1000","pending_whatsapp_verification","approved","","2026-01-25T06:31:25.830088+00:00","2026-01-25T17:01:34.618847+00:00","Preschool"
"c22fdc1a-2e5b-4537-92c7-232b21746469","053c03c6-7e24-4892-b5f9-5f83a19f36af","2026-01-01","1000","pending_whatsapp_verification","approved","","2026-01-25T06:12:52.250984+00:00","2026-01-25T17:01:36.960549+00:00","Preschool"
"d2afe041-0003-4d2e-8e2f-ae1bfe26b776","8215718a-117b-4868-8107-2452214375e0","2026-01-01","1000","pending_whatsapp_verification","approved","","2026-01-25T05:50:39.88883+00:00","2026-01-25T17:01:38.480293+00:00","Preschool"
"45b7cbf8-7669-47fd-9963-0381006cf4f9","cce2a10e-ec48-471d-927f-2c9683d0448f","2026-01-01","1000","pending_whatsapp_verification","approved","","2026-01-25T05:49:00.45835+00:00","2026-01-25T17:01:40.021611+00:00","Preschool"
"aa0bec12-d50f-4215-a264-58570475151c","9c17882d-d4ad-444a-a6a3-013731301232","2026-01-01","1000","pending_whatsapp_verification","approved","","2026-01-25T05:43:24.187518+00:00","2026-01-25T17:01:41.499731+00:00","Preschool"
"0cbc7a2f-0256-4d52-8d7f-acdbaacd4a0e","498ddef6-97e7-457b-a6f9-763d01bcd963","2026-01-01","1000","pending_whatsapp_verification","approved","","2026-01-25T05:01:44.153716+00:00","2026-01-25T17:01:43.020001+00:00","Preschool"
"4530ef44-cd70-452c-b84b-654254182f6a","668dca95-5369-4c7d-b281-51228ae0fbdd","2026-01-01","1000","pending_whatsapp_verification","approved","","2026-01-25T04:07:14.8671+00:00","2026-01-25T17:01:44.565905+00:00","Preschool"
"e8032d21-d070-4583-9899-ecda5bfa566d","b842f3e4-e58c-4192-be40-62b62d9331fd","2026-01-01","1000","pending_whatsapp_verification","approved","","2026-01-25T03:26:25.598493+00:00","2026-01-25T17:01:46.141293+00:00","Preschool"
"0df8073f-f014-4b1a-81e2-c603cd2476b2","e24879c9-e995-4907-89ac-3f0b2cedf78f","2026-01-01","1000","pending_whatsapp_verification","approved","","2026-01-25T01:09:27.08363+00:00","2026-01-25T17:01:47.604203+00:00","Preschool"
"59a097ab-2f16-44ae-b724-d5495611c7d6","b93a0af5-58f4-4177-a068-e197b3066bef","2026-01-01","1000","pending_whatsapp_verification","approved","","2026-01-24T21:54:51.061773+00:00","2026-01-25T17:01:49.055979+00:00","Preschool"