id,course_id,title,description,video_url,duration,position,is_locked,created_at,updated_at
"5db4f4fd-a840-4b50-afc3-a7e2197948c2","c1f3e21d-9ba8-4390-af74-867f12e4f649","StoryBots Outer Space | Planets, Sun, Moon, Earth and Stars | Solar System Super Song | Fun Learning","StoryBots Outer Space | Planets, Sun, Moon, Earth and Stars | Solar System Super Song | Fun Learning
","https://youtu.be/Vb2ZXRh74WU","100","0","false","2026-01-02T19:07:16.818821+00:00","2026-01-02T19:07:19.185793+00:00"
"3041b026-8550-4b09-9027-d08775523ecb","c4f9c03d-295d-4c96-8ef6-ab2ea4a5a9bd","Zootopia 1","Zootopia","https://mega.nz/file/34BxHYBB#Yeb42HvdqQaziUYemFmxBkaarGFjeGKhBS0DV-voNmE","300","0","false","2026-01-15T04:57:23.951943+00:00","2026-01-15T04:58:42.082957+00:00"
"c9d1f0b5-c193-4239-90cd-f0bb993d11a3","834bc3a6-e0c2-4914-b67a-164b4ccbed6f"," Magic Xylophone | S1 E1 | Full Episode | Bluey","","https://youtu.be/P1nydF443xM?feature=shared","20","0","false","2026-01-01T20:31:53.521735+00:00","2026-01-01T20:32:31.260213+00:00"
"5be531e7-661c-46fc-b09d-2f02228f7431","ab3e9439-013f-4fca-93b5-05b1e82262cd","Daniel Tiger’s Neighborhood – Emotional intelligence, social skills, empathy (classic, gentle lessons). Nature, Science & Curiosity","","https://youtu.be/yneF4Xf4P9w?feature=shared","200","0","false","2026-01-02T18:49:13.621842+00:00","2026-01-02T18:50:22.151045+00:00"
"6eab05e7-02d2-4538-af4f-98f90ea184bc","ee243efe-beb0-41b3-a967-63f6df668f04","Octonauts – Undersea exploration teaches teamwork, animal facts, and environmental care.","Octonauts – Undersea exploration teaches teamwork, animal facts, and environmental care.","https://youtu.be/-pQ9cpgkv1I?feature=shared","200","0","false","2026-01-02T18:53:57.208585+00:00","2026-01-02T18:54:13.384098+00:00"
"0af48e8c-798c-4edd-8316-eca56c165cdb","baf10138-5be4-49e7-9934-958e41040fee","Numberblocks ","Numberblocks – Numbers and early math through characters and fun stories","https://youtu.be/jVeYnCehEFE?feature=shared","100","0","false","2026-01-02T18:56:48.435057+00:00","2026-01-02T18:56:48.435057+00:00"
"16c80e32-5037-41ac-b6a7-ba8548918396","97edc9e4-0d8a-45d9-b351-3827c62a8def","My Magic Pet Morphle ","My Magic Pet Morphle – Friendship and creativity with light problem solving.","https://youtu.be/YR0567bsS4w?feature=shared","100","0","false","2026-01-02T18:57:56.554629+00:00","2026-01-02T18:57:56.554629+00:00"
"f8f755a9-547f-4af8-b3f3-7ab72dd85dff","71b30e51-3efe-4635-b469-7968aebe195e","Blippi – Visits real places (zoos, farms, factories) and explains concepts clearly","Blippi – Visits real places (zoos, farms, factories) and explains concepts clearly","https://youtu.be/I4ttVbgda6s?feature=shared","100","0","false","2026-01-02T19:00:19.111959+00:00","2026-01-02T19:00:19.111959+00:00"
"cc62d005-a397-4a0b-a461-5209303b8ad5","a0c87d58-5748-410f-8e7a-cc53531d29d5","DAY 1","DAY 1","https://drive.google.com/file/d/1n-zKnA2fpfoxwgoOeWoXEYaTH-Ns1yEt/view?usp=sharing","200","0","false","2026-01-16T04:11:56.561431+00:00","2026-01-16T04:12:04.173783+00:00"
"392b9809-8adb-456b-93f6-9b7e9d480fa5","4d6546ff-3877-4a75-bd20-6a061bd594e4","DAY 1","DAY 1","https://drive.google.com/file/d/1nbuvXhkIVRxkupPo_ydbqrgF11Nw-5RI/view?usp=sharing","200","0","false","2026-01-16T04:14:38.096137+00:00","2026-01-16T04:14:38.096137+00:00"
"fbeeb9c0-4937-4080-8da4-e00d58953ced","a0c87d58-5748-410f-8e7a-cc53531d29d5","Day 2","Day 2","https://youtu.be/mIwYrunRksA","200","1","false","2026-01-18T06:03:38.181381+00:00","2026-01-18T06:03:38.181381+00:00"
"fb50a4f4-7f2a-4c4b-a74b-2939756868e1","4d6546ff-3877-4a75-bd20-6a061bd594e4","Day 2","Day 2","https://youtu.be/QEUVurQTq58","200","1","false","2026-01-19T09:58:12.486401+00:00","2026-01-19T09:58:16.07975+00:00"
"d1ec3d2b-5c78-4a77-a5d0-e0c996a50c1f","412c80fe-62ea-4fe2-be5e-585004acac6e","Day 1","DAY 1","https://youtu.be/qMD1pxwPy0o","200","0","true","2026-01-15T08:17:02.896657+00:00","2026-01-27T18:30:31.216986+00:00"
"b2f2d3ec-14bb-46b4-8d5a-d2bd125a0b59","412c80fe-62ea-4fe2-be5e-585004acac6e","Day 2","day 2","https://youtu.be/RusVmEnmWkI","200","1","true","2026-01-18T06:01:41.331735+00:00","2026-01-27T18:30:31.216986+00:00"
"b92951b5-13c6-4431-a275-56a2483d607b","a0c87d58-5748-410f-8e7a-cc53531d29d5","Day 3","Day 3","https://youtu.be/UaCaOVtRLj4","200","2","false","2026-01-25T17:04:10.731359+00:00","2026-01-25T17:04:10.731359+00:00"
"72822fc6-186a-4349-8171-788e2036d23e","4d6546ff-3877-4a75-bd20-6a061bd594e4","Day 3","Day 3","https://youtu.be/3D4WzX6_Gbo","200","2","false","2026-01-25T17:04:48.436476+00:00","2026-01-25T17:04:48.436476+00:00"
"e10e4624-3578-4743-b5bb-9d96285fbc3f","412c80fe-62ea-4fe2-be5e-585004acac6e","Day 3","Day 3","https://youtu.be/QcqqYZX9g-4","200","2","true","2026-01-25T17:03:06.629534+00:00","2026-01-27T18:30:31.216986+00:00"